N,layers,params,train_time,token_acc,seq_acc
8,1,9130,4.454235076904297,0.9983749985694885,0.9869999885559082
8,2,17546,7.52333402633667,0.999625027179718,0.996999979019165
8,3,25962,10.445363283157349,0.999750018119812,0.9980000257492065
12,1,9130,4.891455888748169,0.9990000128746033,0.9940000176429749
12,2,17546,8.233803033828735,0.9993333220481873,0.9940000176429749
12,3,25962,11.657138586044312,0.9977499842643738,0.9750000238418579
16,1,9130,5.18427038192749,0.9946249723434448,0.9240000247955322
16,2,17546,8.788144588470459,0.9962499737739563,0.9559999704360962
16,3,25962,12.573514461517334,0.9963750243186951,0.9610000252723694
